<application>
  <component name="FileTypeManager" version="18">
    <extensionMap>
      <mapping ext="edge" type="Blade" />
      <mapping pattern="JenkinsfileHmlg" type="PLAIN_TEXT" />
      <mapping pattern=" Jenkinsfile" type="PLAIN_TEXT" />
      <mapping pattern="Procedures.js" type="PLAIN_TEXT" />
      <mapping pattern="Dockerfile-alpine" type="PLAIN_TEXT" />
      <mapping pattern=".gitkeep" type="PLAIN_TEXT" />
      <mapping ext="crt" type="PLAIN_TEXT" />
      <mapping ext="key" type="PLAIN_TEXT" />
      <mapping ext="csr" type="PLAIN_TEXT" />
      <mapping ext="p7s" type="PLAIN_TEXT" />
      <mapping pattern="asdasdasdsd" type="XHTML" />
      <removed_mapping ext="edge" approved="true" type="PLAIN_TEXT" />
    </extensionMap>
  </component>
</application>