<keymap version="1" name="GNOME copy" parent="Default for GNOME">
  <action id="AutoIndentLines">
    <keyboard-shortcut first-keystroke="ctrl l" />
  </action>
  <action id="CompareTwoFiles" />
  <action id="Console.TableResult.CloneRow" />
  <action id="Console.TableResult.CompareCells" />
  <action id="Diff.ShowDiff" />
  <action id="Diff.ShowSettingsPopup" />
  <action id="EditorDuplicate">
    <keyboard-shortcut first-keystroke="shift ctrl d" />
  </action>
  <action id="FileChooser.GotoDesktop" />
  <action id="FindNext">
    <keyboard-shortcut first-keystroke="f3" />
  </action>
  <action id="SelectAllOccurrences" />
  <action id="SelectNextOccurrence">
    <keyboard-shortcut first-keystroke="ctrl d" />
  </action>
  <action id="SendEOF" />
  <action id="Terminal.ClearBuffer" />
  <action id="Uml.ShowDiff" />
  <action id="Vcs.Log.FocusTextFilter" />
</keymap>